FilePath,Label
./dataset/problemset/001.jpg,aphids
./dataset/problemset/002.jpg,aphids
./dataset/problemset/003.jpg,aphids
./dataset/problemset/004.jpg,aphids
./dataset/problemset/005.jpg,aphids
./dataset/problemset/006.jpg,aphids
./dataset/problemset/007.jpg,aphids
./dataset/problemset/008.jpg,aphids
./dataset/problemset/009.jpg,aphids
./dataset/problemset/010.jpg,aphids
./dataset/problemset/011.jpg,aphids
./dataset/problemset/012.jpg,aphids
./dataset/problemset/013.jpg,aphids
./dataset/problemset/014.jpg,aphids
./dataset/problemset/015.jpg,aphids
./dataset/problemset/016.jpg,aphids
./dataset/problemset/017.jpg,aphids
./dataset/problemset/018.jpg,aphids
./dataset/problemset/019.jpg,aphids
./dataset/problemset/020.jpg,aphids
./dataset/problemset/021.jpg,aphids
./dataset/problemset/022.jpg,aphids
./dataset/problemset/023.jpg,aphids
./dataset/problemset/024.jpg,aphids
./dataset/problemset/025.jpg,aphids
./dataset/problemset/026.jpg,aphids
./dataset/problemset/027.jpg,aphids
./dataset/problemset/028.jpg,aphids
./dataset/problemset/029.jpg,aphids
./dataset/problemset/030.jpg,aphids
./dataset/problemset/031.jpg,aphids
./dataset/problemset/032.jpg,aphids
./dataset/problemset/033.jpg,aphids
./dataset/problemset/034.jpg,aphids
./dataset/problemset/035.jpg,aphids
./dataset/problemset/036.jpg,aphids
./dataset/problemset/037.jpg,aphids
./dataset/problemset/038.jpg,aphids
./dataset/problemset/039.jpg,aphids
./dataset/problemset/040.jpg,aphids
./dataset/problemset/041.jpg,aphids
./dataset/problemset/042.jpg,aphids
./dataset/problemset/043.jpg,aphids
./dataset/problemset/044.jpg,aphids
./dataset/problemset/045.jpg,aphids
./dataset/problemset/046.jpg,aphids
./dataset/problemset/047.jpg,aphids
./dataset/problemset/048.jpg,aphids
./dataset/problemset/049.jpg,aphids
./dataset/problemset/050.jpg,aphids
./dataset/problemset/051.jpg,aphids
./dataset/problemset/052.jpg,aphids
./dataset/problemset/053.jpg,aphids
./dataset/problemset/054.jpg,aphids
./dataset/problemset/055.jpg,aphids
./dataset/problemset/056.jpg,aphids
./dataset/problemset/057.jpg,aphids
./dataset/problemset/058.jpg,aphids
./dataset/problemset/059.jpg,aphids
./dataset/problemset/060.jpg,aphids
./dataset/problemset/061.jpg,aphids
./dataset/problemset/062.jpg,aphids
./dataset/problemset/063.jpg,aphids
./dataset/problemset/064.jpg,aphids
./dataset/problemset/065.jpg,aphids
./dataset/problemset/066.jpg,aphids
./dataset/problemset/067.jpg,aphids
./dataset/problemset/068.jpg,aphids
./dataset/problemset/069.jpg,aphids
./dataset/problemset/070.jpg,aphids
./dataset/problemset/071.jpg,aphids
./dataset/problemset/072.jpg,aphids
./dataset/problemset/073.jpg,aphids
./dataset/problemset/074.jpg,aphids
./dataset/problemset/075.jpg,aphids
./dataset/problemset/076.jpg,aphids
./dataset/problemset/077.jpg,aphids
./dataset/problemset/078.jpg,aphids
./dataset/problemset/079.jpg,aphids
./dataset/problemset/080.jpg,aphids
./dataset/problemset/081.jpg,aphids
./dataset/problemset/082.jpg,aphids
./dataset/problemset/083.jpg,aphids
./dataset/problemset/084.jpg,aphids
./dataset/problemset/085.jpg,aphids
./dataset/problemset/086.jpg,aphids
./dataset/problemset/087.jpg,aphids
./dataset/problemset/088.jpg,aphids
./dataset/problemset/089.jpg,aphids
./dataset/problemset/090.jpg,aphids
./dataset/problemset/091.jpg,aphids
./dataset/problemset/092.jpg,aphids
./dataset/problemset/093.jpg,aphids
./dataset/problemset/094.jpg,aphids
./dataset/problemset/095.jpg,aphids
./dataset/problemset/096.jpg,aphids
./dataset/problemset/097.jpg,aphids
./dataset/problemset/098.jpg,aphids
./dataset/problemset/099.jpg,aphids
./dataset/problemset/100.jpg,aphids
./dataset/problemset/101.jpg,aphids
./dataset/problemset/102.jpg,aphids
./dataset/problemset/103.jpg,aphids
./dataset/problemset/104.jpg,aphids
./dataset/problemset/105.jpg,aphids
./dataset/problemset/106.jpg,aphids
./dataset/problemset/107.jpg,aphids
./dataset/problemset/108.jpg,aphids
./dataset/problemset/109.jpg,aphids
./dataset/problemset/110.jpg,aphids
./dataset/problemset/111.jpg,aphids
./dataset/problemset/112.jpg,aphids
./dataset/problemset/113.jpg,aphids
./dataset/problemset/114.jpg,aphids
./dataset/problemset/115.jpg,aphids
./dataset/problemset/116.jpg,aphids
./dataset/problemset/117.jpg,aphids
./dataset/problemset/118.jpg,aphids
./dataset/problemset/119.jpg,aphids
./dataset/problemset/120.jpg,aphids
./dataset/problemset/121.jpg,aphids
./dataset/problemset/122.jpg,aphids
./dataset/problemset/123.jpg,aphids
./dataset/problemset/124.jpg,aphids
./dataset/problemset/125.jpg,aphids
./dataset/problemset/126.jpg,aphids
./dataset/problemset/127.jpg,aphids
./dataset/problemset/128.jpg,aphids
./dataset/problemset/129.jpg,aphids
./dataset/problemset/130.jpg,aphids
./dataset/problemset/131.jpg,aphids
./dataset/problemset/132.jpg,aphids
./dataset/problemset/133.jpg,aphids
./dataset/problemset/134.jpg,aphids
./dataset/problemset/135.jpg,aphids
./dataset/problemset/136.jpg,aphids
./dataset/problemset/137.jpg,aphids
./dataset/problemset/138.jpg,aphids
./dataset/problemset/139.jpg,aphids
./dataset/problemset/140.jpg,aphids
./dataset/problemset/141.jpg,aphids
./dataset/problemset/142.jpg,aphids
./dataset/problemset/143.jpg,aphids
./dataset/problemset/144.jpg,aphids
./dataset/problemset/145.jpg,aphids
./dataset/problemset/146.jpg,aphids
./dataset/problemset/147.jpg,aphids
./dataset/problemset/148.jpg,aphids
./dataset/problemset/149.jpg,aphids
./dataset/problemset/150.jpg,aphids
./dataset/problemset/151.jpg,aphids
./dataset/problemset/152.jpg,aphids
./dataset/problemset/153.jpg,aphids
./dataset/problemset/154.jpg,aphids
./dataset/problemset/155.jpg,aphids
./dataset/problemset/156.jpg,aphids
./dataset/problemset/157.jpg,aphids
./dataset/problemset/158.jpg,aphids
./dataset/problemset/159.jpg,aphids
./dataset/problemset/160.jpg,aphids
./dataset/problemset/161.jpg,aphids
./dataset/problemset/162.jpg,aphids
./dataset/problemset/163.jpg,aphids
./dataset/problemset/164.jpg,aphids
./dataset/problemset/165.jpg,aphids
./dataset/problemset/166.jpg,aphids
./dataset/problemset/167.jpg,aphids
./dataset/problemset/168.jpg,aphids
./dataset/problemset/169.jpg,aphids
./dataset/problemset/170.jpg,aphids
./dataset/problemset/171.jpg,aphids
./dataset/problemset/172.jpg,aphids
./dataset/problemset/173.jpg,aphids
./dataset/problemset/174.jpg,aphids
./dataset/problemset/175.jpg,aphids
./dataset/problemset/176.jpg,aphids
./dataset/problemset/177.jpg,aphids
./dataset/problemset/178.jpg,aphids
./dataset/problemset/179.jpg,aphids
./dataset/problemset/180.jpg,aphids
./dataset/problemset/181.jpg,aphids
./dataset/problemset/182.jpg,aphids
./dataset/problemset/183.jpg,aphids
./dataset/problemset/184.jpg,aphids
./dataset/problemset/185.jpg,aphids
./dataset/problemset/186.jpg,aphids
./dataset/problemset/187.jpg,aphids
./dataset/problemset/188.jpg,aphids
./dataset/problemset/189.jpg,aphids
./dataset/problemset/190.jpg,aphids
./dataset/problemset/191.jpg,aphids
./dataset/problemset/192.jpg,aphids
./dataset/problemset/193.jpg,aphids
./dataset/problemset/194.jpg,aphids
./dataset/problemset/195.jpg,aphids
./dataset/problemset/196.jpg,aphids
./dataset/problemset/197.jpg,aphids
./dataset/problemset/198.jpg,aphids
./dataset/problemset/199.jpg,aphids
./dataset/problemset/200.jpg,aphids
